,Link,Title,Description,Likes,Name and Comment
0,https://www.youtube.com/watch?v=0w2Sg0cXoyM,A Revolution For Tech Education| Democratizing Future of Education@PhysicsWallah @CollegeWallahbyPW,"Ab PW ‡§ñ‡§º‡§§‡•ç‡§Æ ‡§ï‡§∞‡•á‡§ó‡§æ BEROZGAARI üî•üî•

As per our commitment to delivering technology-related knowledge, we are happy to announce

PW Skills is collaborating with iNeuron a tech-centric ed-tech organization to revolutionize the education space with the intention of making tech education accessible to all which is PW‚Äôs & iNeuron‚Äôs long-standing vision via its super affordable and high-quality end-to-end programs which are specially curated to teach the concepts from the very basics to the advanced level.

This collaboration results in the creation of specialized courses designed to teach all the fundamental concepts of technology to both technical and non-technical candidates.

PW Skills is announcing the launch of the following programs,

Binary Batch:- Java-with-DSA-&-System-Design (Java with DSA & System Design)
https://pwskills.com/course/Java-with... (Hindi)
https://pwskills.com/course/Java-with... (English)

Sigma Batch:- Full-Stack-Web-Development (MERN Stack)
https://pwskills.com/course/Full-Stac... (Hindi)
https://pwskills.com/course/Full-Stac... (English)

Impact Batch:- Data-Science-Masters (Full Stack Data Science)
https://pwskills.com/course/Data-Scie... (Hindi)
https://pwskills.com/course/Data-Scie... (English)



Website - https://pwskills.com/

Instagram - https://www.instagram.com/pwcollegewa... 

LinkedIn - https://www.linkedin.com/company/ineu...
    https://www.linkedin.com/company/phys... 

Telegram - https://t.me/SkillsPW  

Discord - https://discord.gg/m7YSX6Xh 

Twitter - https://twitter.com/pw__skills 



TIME STAMPS:

00:00 - Intro
01:55 - What is ineuron
03:50 - Journey of ineuron
06:02 - Course reveal
11:08 - Why ineuron?
14:44 - Advantages of iNeuron and PW Skills to make you Job ready
24:49 - Full stack web dev course insights
28:15 - Java DSA and System Design course insights
31:35 - Data Science Course insights

physics wallah, physics wallah alakh pandey, physics wallah revolution, alakh pandey, pw revolution, pw, pw revolution live, pw live, college wallah, college wallah pw, college wallah by pw, pw college wallah, physics wallah new channel, pw new launch video, skills wallah, pw skills, job placement, internship, job offers, pw skills c++, job, how to get a job, ineuron, ineuron physics wallah, ineuron internship, pw skills data science, ineuron data science",120,"{'Expatluffy': 'Sir, what happens to pre-existing students of ineuron ?Also, What about Tech neuron students? Will they get access to the new PWSKILLS course because it was promised all the latest courses would be given access to the Tech neuron students?\nCould you clear the confusion and doubts once it for all?', 'GodLtohID': ""I'm so happy with this collaboration ineuron with the best IT platform + Best Inspiration and teacher (physics wallah)"", 'Midnight': 'Should we expect Christmas offers in coming days at ineuron courses ? ', 'Shreyash Selukar': 'Please add the DevOps bootcamp too ', 'Anwar Ahmad': 'Hello sir when we got SEO and Digital Marketing course?', 'Lila Jibhakate': 'Please add DevOps bootcamp too', 'Dinesh Selukar': 'Please add DevOps course also', 'Abhay Kumar Aman': 'Nice to see you all.... First time hindi bolte hue....', 'Sahil Chauhan': ""Sir pw skill mai jo web full stack web development course start ho rha h iNeuron se merge hokr toh sir usme quality of content low toh ni hoga bcz sir wha fee less h, iNeuron mai jase quality content top notch level hota h wase hi wha bhi hoga pw skill, nd after that course hum grade A level company like Goole ,facebook, apple, jase big level companies ke interview crack kr paynge after course complete, nd job assistant nd interview apke platform se hi conduct hoge sir apki face value se web ka wha purchase kr rhe h bcz iNeuron platform pr pura trust h bt after merge I'm confused kha se buy kre iNeuron ke wha se ya fr pw se so plz clear my doubt"", 'Abhinav O': 'Can anyone from iNeuron team clarify details about the existing subscriptions with iNeuron? Because I now have a lifetime validity iNeuron subscription. But nothing about those subscriptions and how they will be handled are not at all dealt anywhere. Any light on this topic please?', 'Arun Singh': 'Sir how to start connecting with you', 'Aditya kumar': 'BHAISAHAB ALAKH SIR KITNE SLIM AND SMART DIKH RAHE HAI                                                                                                                                                 LAGTA HAI JALDI HI SHADI HONE WALLI HAI ', ""Topper's Chase"": 'When shudhanshu sir will take class.', 'thaNorthStar.com': 'Dope', 'vineet kumar soni': 'Ô∏èÔ∏è', 'Learn 2 Visualize': 'Hahaha ', 'SHUBHAM SAHA': 'Sir, alk ineuron YouTube videos are removed', 'Abhishek': 'Thanks sir 7500 ot Rs.3500  ', 'Arghadeep Misra': 'I have lifetime validity , I better not loose that '}"
